leftImage,rightImage,audiofile,correctanswer,Group
sadnolabel.jpg,fearnolabel.jpg,F1.ogg,Fear,A
sadnolabel.jpg,fearnolabel.jpg,F2.ogg,Fear,A
sadnolabel.jpg,fearnolabel.jpg,F3.ogg,Fear,A
sadnolabel.jpg,fearnolabel.jpg,F5.ogg,Fear,A
sadnolabel.jpg,fearnolabel.jpg,F6.ogg,Fear,A
sadnolabel.jpg,fearnolabel.jpg,F8.ogg,Fear,A
sadnolabel.jpg,fearnolabel.jpg,S1.ogg,Sad,A
sadnolabel.jpg,fearnolabel.jpg,S3.ogg,Sad,A
sadnolabel.jpg,fearnolabel.jpg,S4.ogg,Sad,A
sadnolabel.jpg,fearnolabel.jpg,S6.ogg,Sad,A
sadnolabel.jpg,fearnolabel.jpg,S7.ogg,Sad,A
sadnolabel.jpg,fearnolabel.jpg,S8.ogg,Sad,A
sadnolabel.jpg,fearnolabel.jpg,C1.ogg,Calm,A
sadnolabel.jpg,fearnolabel.jpg,C2.ogg,Calm,A
sadnolabel.jpg,fearnolabel.jpg,C3.ogg,Calm,A
sadnolabel.jpg,fearnolabel.jpg,C5.ogg,Calm,A
sadnolabel.jpg,fearnolabel.jpg,C6.ogg,Calm,A
sadnolabel.jpg,fearnolabel.jpg,C7.ogg,Calm,A
fearnolabel.jpg,sadnolabel.jpg,F1.ogg,Fear,B
fearnolabel.jpg,sadnolabel.jpg,F2.ogg,Fear,B
fearnolabel.jpg,sadnolabel.jpg,F3.ogg,Fear,B
fearnolabel.jpg,sadnolabel.jpg,F5.ogg,Fear,B
fearnolabel.jpg,sadnolabel.jpg,F6.ogg,Fear,B
fearnolabel.jpg,sadnolabel.jpg,F8.ogg,Fear,B
fearnolabel.jpg,sadnolabel.jpg,S1.ogg,Sad,B
fearnolabel.jpg,sadnolabel.jpg,S3.ogg,Sad,B
fearnolabel.jpg,sadnolabel.jpg,S4.ogg,Sad,B
fearnolabel.jpg,sadnolabel.jpg,S6.ogg,Sad,B
fearnolabel.jpg,sadnolabel.jpg,S7.ogg,Sad,B
fearnolabel.jpg,sadnolabel.jpg,S8.ogg,Sad,B
fearnolabel.jpg,sadnolabel.jpg,C1.ogg,Calm,B
fearnolabel.jpg,sadnolabel.jpg,C2.ogg,Calm,B
fearnolabel.jpg,sadnolabel.jpg,C3.ogg,Calm,B
fearnolabel.jpg,sadnolabel.jpg,C5.ogg,Calm,B
fearnolabel.jpg,sadnolabel.jpg,C6.ogg,Calm,B
fearnolabel.jpg,sadnolabel.jpg,C7.ogg,Calm,B
sadnolabel.jpg,fearnolabel.jpg,F1.ogg,Fear,C
sadnolabel.jpg,fearnolabel.jpg,F2.ogg,Fear,C
sadnolabel.jpg,fearnolabel.jpg,F3.ogg,Fear,C
sadnolabel.jpg,fearnolabel.jpg,F5.ogg,Fear,C
sadnolabel.jpg,fearnolabel.jpg,F6.ogg,Fear,C
sadnolabel.jpg,fearnolabel.jpg,F8.ogg,Fear,C
sadnolabel.jpg,fearnolabel.jpg,S1.ogg,Sad,C
sadnolabel.jpg,fearnolabel.jpg,S3.ogg,Sad,C
sadnolabel.jpg,fearnolabel.jpg,S4.ogg,Sad,C
sadnolabel.jpg,fearnolabel.jpg,S6.ogg,Sad,C
sadnolabel.jpg,fearnolabel.jpg,S7.ogg,Sad,C
sadnolabel.jpg,fearnolabel.jpg,S8.ogg,Sad,C
sadnolabel.jpg,fearnolabel.jpg,C1.ogg,Calm,C
sadnolabel.jpg,fearnolabel.jpg,C2.ogg,Calm,C
sadnolabel.jpg,fearnolabel.jpg,C3.ogg,Calm,C
sadnolabel.jpg,fearnolabel.jpg,C5.ogg,Calm,C
sadnolabel.jpg,fearnolabel.jpg,C6.ogg,Calm,C
sadnolabel.jpg,fearnolabel.jpg,C7.ogg,Calm,C
fearnolabel.jpg,sadnolabel.jpg,F1.ogg,Fear,D
fearnolabel.jpg,sadnolabel.jpg,F2.ogg,Fear,D
fearnolabel.jpg,sadnolabel.jpg,F3.ogg,Fear,D
fearnolabel.jpg,sadnolabel.jpg,F5.ogg,Fear,D
fearnolabel.jpg,sadnolabel.jpg,F6.ogg,Fear,D
fearnolabel.jpg,sadnolabel.jpg,F8.ogg,Fear,D
fearnolabel.jpg,sadnolabel.jpg,S1.ogg,Sad,D
fearnolabel.jpg,sadnolabel.jpg,S3.ogg,Sad,D
fearnolabel.jpg,sadnolabel.jpg,S4.ogg,Sad,D
fearnolabel.jpg,sadnolabel.jpg,S6.ogg,Sad,D
fearnolabel.jpg,sadnolabel.jpg,S7.ogg,Sad,D
fearnolabel.jpg,sadnolabel.jpg,S8.ogg,Sad,D
fearnolabel.jpg,sadnolabel.jpg,C1.ogg,Calm,D
fearnolabel.jpg,sadnolabel.jpg,C2.ogg,Calm,D
fearnolabel.jpg,sadnolabel.jpg,C3.ogg,Calm,D
fearnolabel.jpg,sadnolabel.jpg,C5.ogg,Calm,D
fearnolabel.jpg,sadnolabel.jpg,C6.ogg,Calm,D
fearnolabel.jpg,sadnolabel.jpg,C7.ogg,Calm,D