laughNum,fileName,originalFileName,scale,bin
5,Bin2_2_D,05D.ogg,MIXED,BIN2
9,Bin3_1_A,09A.ogg,MIXED,BIN3
34,Bin3_3_A,34A.ogg,MIXED,BIN3
37,Bin2_3_D,37D.ogg,MIXED,BIN2
42,Bin1_2_D,42D.ogg,DOMINANCE,BIN1
56,Bin5_1_A,56D.ogg,DOMINANCE,BIN5
60,Bin5_2_A,60D.ogg,DOMINANCE,BIN5
107,Bin5_3_A,107D.ogg,DOMINANCE,BIN5
153,Bin5_4_A,153D.ogg,DOMINANCE,BIN5
214,Bin1_4_A,214A.ogg,AFFILIATION,BIN1
235,Bin1_6_A,235A.ogg,AFFILIATION,BIN1
236,Bin5_6_D,236A.ogg,AFFILIATION,BIN5
257,Bin3_7_A,257A.ogg,MIXED,BIN3
265,Bin5_7_D,265A.ogg,AFFILIATION,BIN5
316,Bin1_8_A,316A.ogg,AFFILIATION,BIN1
334,Bin5_8_A,334D.ogg,DOMINANCE,BIN5
340,Bin3_8_A,340A.ogg,MIXED,BIN3
391,Bin5_8_D,391A.ogg,AFFILIATION,BIN5