audiofile,correctanswer,Group
F1.ogg,Fear,A
F2.ogg,Fear,A
F3.ogg,Fear,A
F4.ogg,Fear,A
F5.ogg,Fear,A
F6.ogg,Fear,A
F7.ogg,Fear,A
S1.ogg,Sad,A
S2.ogg,Sad,A
S3.ogg,Sad,A
S4.ogg,Sad,A
S5.ogg,Sad,A
S6.ogg,Sad,A
S7.ogg,Sad,A
C1.ogg,Calm,A
C2.ogg,Calm,A
C3.ogg,Calm,A
C4.ogg,Calm,A
C5.ogg,Calm,A
C6.ogg,Calm,A
C7.ogg,Calm,A
H1.ogg,Happy,A
H2.ogg,Happy,A
H3.ogg,Happy,A
H4.ogg,Happy,A
H5.ogg,Happy,A
H6.ogg,Happy,A
H7.ogg,Happy,A
F1.ogg,Fear,B
F2.ogg,Fear,B
F3.ogg,Fear,B
F4.ogg,Fear,B
F5.ogg,Fear,B
F6.ogg,Fear,B
F7.ogg,Fear,B
S1.ogg,Sad,B
S2.ogg,Sad,B
S3.ogg,Sad,B
S4.ogg,Sad,B
S5.ogg,Sad,B
S6.ogg,Sad,B
S7.ogg,Sad,B
C1.ogg,Calm,B
C2.ogg,Calm,B
C3.ogg,Calm,B
C4.ogg,Calm,B
C5.ogg,Calm,B
C6.ogg,Calm,B
C7.ogg,Calm,B
H1.ogg,Happy,B
H2.ogg,Happy,B
H3.ogg,Happy,B
H4.ogg,Happy,B
H5.ogg,Happy,B
H6.ogg,Happy,B
H7.ogg,Happy,B
F1.ogg,Fear,C
F2.ogg,Fear,C
F3.ogg,Fear,C
F4.ogg,Fear,C
F5.ogg,Fear,C
F6.ogg,Fear,C
F7.ogg,Fear,C
S1.ogg,Sad,C
S2.ogg,Sad,C
S3.ogg,Sad,C
S4.ogg,Sad,C
S5.ogg,Sad,C
S6.ogg,Sad,C
S7.ogg,Sad,C
C1.ogg,Calm,C
C2.ogg,Calm,C
C3.ogg,Calm,C
C4.ogg,Calm,C
C5.ogg,Calm,C
C6.ogg,Calm,C
C7.ogg,Calm,C
H1.ogg,Happy,C
H2.ogg,Happy,C
H3.ogg,Happy,C
H4.ogg,Happy,C
H5.ogg,Happy,C
H6.ogg,Happy,C
H7.ogg,Happy,C
F1.ogg,Fear,D
F2.ogg,Fear,D
F3.ogg,Fear,D
F4.ogg,Fear,D
F5.ogg,Fear,D
F6.ogg,Fear,D
F7.ogg,Fear,D
S1.ogg,Sad,D
S2.ogg,Sad,D
S3.ogg,Sad,D
S4.ogg,Sad,D
S5.ogg,Sad,D
S6.ogg,Sad,D
S7.ogg,Sad,D
C1.ogg,Calm,D
C2.ogg,Calm,D
C3.ogg,Calm,D
C4.ogg,Calm,D
C5.ogg,Calm,D
C6.ogg,Calm,D
C7.ogg,Calm,D
H1.ogg,Happy,D
H2.ogg,Happy,D
H3.ogg,Happy,D
H4.ogg,Happy,D
H5.ogg,Happy,D
H6.ogg,Happy,D
H7.ogg,Happy,D